{
  "model_ratings": {
    "deepseek/deepseek-chat-v3-0324:free": {
      "mu": 27.04744819144629,
      "sigma": 1.8108156980942796
    },
    "google/gemini-2.5-pro-exp-03-25:free": {
      "mu": 25.19964157468514,
      "sigma": 2.541569383095481
    },
    "meta-llama/llama-4-maverick:free": {
      "mu": 22.73273978531238,
      "sigma": 1.426953163885797
    },
    "mistralai/mistral-small-3.1-24b-instruct:free": {
      "mu": 22.06449552642846,
      "sigma": 4.630404427412669
    },
    "google/gemma-3-27b-it:free": {
      "mu": 23.815980325843427,
      "sigma": 1.4966929980013148
    },
    "meta-llama/llama-4-scout:free": {
      "mu": 20.841079212312327,
      "sigma": 2.1407647083708987
    },
    "deepseek/deepseek-r1:free": {
      "mu": 25.838929439075685,
      "sigma": 5.19058483375596
    },
    "claude-3-7-sonnet-20250219": {
      "mu": 13.695492056817354,
      "sigma": 2.9585773075505153
    },
    "openrouter/quasar-alpha": {
      "mu": 23.87252300831256,
      "sigma": 3.2059174498914302
    }
  },
  "processed_timestamps": [
    "20250406-111629",
    "20250406-112352",
    "20250406-112755",
    "20250406-113600",
    "20250406-113952",
    "20250406-120918",
    "20250406-121931",
    "20250406-123105",
    "20250406-123206",
    "20250406-124516",
    "20250406-124527",
    "20250406-125025",
    "20250406-125130",
    "20250406-130229",
    "20250406-130324",
    "20250406-130349",
    "20250406-130412",
    "20250406-130423",
    "20250406-130433",
    "20250406-130440",
    "20250406-130520",
    "20250406-130530",
    "20250406-130606",
    "20250406-130922",
    "20250406-130955",
    "20250406-131014",
    "20250406-131019",
    "20250406-132812",
    "20250406-132937",
    "20250406-133000",
    "20250406-133218",
    "20250406-133302",
    "20250406-133322",
    "20250406-133408",
    "20250406-133423",
    "20250406-133441",
    "20250406-133501",
    "20250406-133509",
    "20250406-133517",
    "20250406-133524"
  ]
}