{
  "model_ratings": {
    "deepseek/deepseek-chat-v3-0324:free": {
      "mu": 34.57772170224374,
      "sigma": 4.455110030161439
    },
    "google/gemini-2.5-pro-exp-03-25:free": {
      "mu": 23.98887858600145,
      "sigma": 2.7001176911611497
    },
    "meta-llama/llama-4-maverick:free": {
      "mu": 21.23602595610676,
      "sigma": 2.2237142203750233
    },
    "mistralai/mistral-small-3.1-24b-instruct:free": {
      "mu": 22.06449552642846,
      "sigma": 4.630404427412669
    },
    "google/gemma-3-27b-it:free": {
      "mu": 21.04178800530176,
      "sigma": 3.532419820750385
    },
    "meta-llama/llama-4-scout:free": {
      "mu": 21.223556252419993,
      "sigma": 2.4962330003582274
    }
  },
  "processed_timestamps": [
    "20250406-111629",
    "20250406-112352",
    "20250406-112755",
    "20250406-113600",
    "20250406-113952",
    "20250406-120918",
    "20250406-121931",
    "20250406-123105",
    "20250406-123206"
  ]
}