{
  "model_ratings": {
    "deepseek/deepseek-chat-v3-0324": {
      "mu": 22.180530603362765,
      "sigma": 0.9416268894486789
    },
    "google/gemini-2.5-pro-exp-03-25": {
      "mu": 25.19964157468514,
      "sigma": 2.541569383095481
    },
    "meta-llama/llama-4-maverick": {
      "mu": 20.682633463246272,
      "sigma": 0.7294893453007103
    },
    "mistralai/mistral-small-3.1-24b-instruct": {
      "mu": 20.882750941052716,
      "sigma": 1.0226674842667445
    },
    "google/gemma-3-27b-it": {
      "mu": 22.494549682507756,
      "sigma": 1.1229669534977624
    },
    "meta-llama/llama-4-scout": {
      "mu": 20.708088883138362,
      "sigma": 0.7232339183193931
    },
    "deepseek/deepseek-r1": {
      "mu": 27.82807835147382,
      "sigma": 4.493563501295867
    },
    "claude-3-7-sonnet-20250219": {
      "mu": 23.310362254392558,
      "sigma": 1.3146972784502668
    },
    "openrouter/quasar-alpha": {
      "mu": 22.866695027496732,
      "sigma": 0.7830679893219716
    },
    "qwen/qwq-32b": {
      "mu": 21.86358721484608,
      "sigma": 1.4077937107114107
    }
  },
  "processed_timestamps": [
    "20250406-111629",
    "20250406-112352",
    "20250406-112755",
    "20250406-113600",
    "20250406-113952",
    "20250406-120918",
    "20250406-121931",
    "20250406-123105",
    "20250406-123206",
    "20250406-124516",
    "20250406-124527",
    "20250406-125025",
    "20250406-125130",
    "20250406-130229",
    "20250406-130324",
    "20250406-130349",
    "20250406-130412",
    "20250406-130423",
    "20250406-130433",
    "20250406-130440",
    "20250406-130520",
    "20250406-130530",
    "20250406-130606",
    "20250406-130922",
    "20250406-130955",
    "20250406-131014",
    "20250406-131019",
    "20250406-132812",
    "20250406-132937",
    "20250406-133000",
    "20250406-133218",
    "20250406-133302",
    "20250406-133322",
    "20250406-133408",
    "20250406-133423",
    "20250406-133441",
    "20250406-133501",
    "20250406-133509",
    "20250406-133517",
    "20250406-133524",
    "20250406-134550",
    "20250406-134608",
    "20250406-134748",
    "20250406-134811",
    "20250406-134828",
    "20250406-134850",
    "20250406-134912",
    "20250406-134928",
    "20250406-134947",
    "20250406-134953",
    "20250406-135003",
    "20250406-135015",
    "20250406-135837",
    "20250406-140219",
    "20250406-140241",
    "20250406-140325",
    "20250406-140357",
    "20250406-140430",
    "20250406-140529",
    "20250406-140555",
    "20250406-140630",
    "20250406-140727",
    "20250406-140803",
    "20250406-140816",
    "20250406-140849",
    "20250406-140933",
    "20250406-141005",
    "20250406-141055",
    "20250406-141204",
    "20250406-141306",
    "20250406-141330",
    "20250406-141451",
    "20250406-141537",
    "20250406-141842",
    "20250406-141936",
    "20250406-142025",
    "20250406-142055",
    "20250406-142130",
    "20250406-142200",
    "20250406-142240",
    "20250406-142258",
    "20250406-142313",
    "20250406-142343",
    "20250406-142349",
    "20250406-142404",
    "20250406-142413",
    "20250406-142635",
    "20250406-142723",
    "20250406-143001",
    "20250406-143032",
    "20250406-143046",
    "20250406-143110",
    "20250406-143154",
    "20250406-143234",
    "20250406-143259",
    "20250406-143325",
    "20250406-143354",
    "20250406-143412",
    "20250406-143639",
    "20250406-143717",
    "20250406-143732",
    "20250406-143810",
    "20250406-143815",
    "20250406-144001",
    "20250406-144050",
    "20250406-144058",
    "20250406-144126",
    "20250406-144140",
    "20250406-144437",
    "20250406-144507",
    "20250406-144725",
    "20250406-144804",
    "20250406-144835",
    "20250406-144849",
    "20250406-144912",
    "20250406-144940",
    "20250406-145152",
    "20250406-145249",
    "20250406-145633",
    "20250406-145641",
    "20250406-145649",
    "20250406-145714",
    "20250406-145722",
    "20250406-145727",
    "20250406-145734",
    "20250406-145745",
    "20250406-145757",
    "20250406-145813",
    "20250406-145830",
    "20250406-145841",
    "20250406-145845",
    "20250406-145855",
    "20250406-145908",
    "20250406-145919",
    "20250406-145937",
    "20250406-145952",
    "20250406-150005",
    "20250406-150013",
    "20250406-150025",
    "20250406-150031",
    "20250406-150047",
    "20250406-150055",
    "20250406-150107",
    "20250406-150121",
    "20250406-150136",
    "20250406-150145",
    "20250406-150156",
    "20250406-150204"
  ]
}