{
  "model_ratings": {
    "deepseek/deepseek-chat-v3-0324": {
      "mu": 24.762216899274367,
      "sigma": 4.7734445187612335
    },
    "mistralai/mistral-small-3.1-24b-instruct": {
      "mu": 20.794526893186323,
      "sigma": 7.194816551480742
    },
    "google/gemma-3-27b-it": {
      "mu": 30.238950505322016,
      "sigma": 4.632625782850075
    },
    "deepseek/deepseek-r1": {
      "mu": 23.050651059981895,
      "sigma": 5.673878477482368
    },
    "meta-llama/llama-4-scout": {
      "mu": 20.422861069351317,
      "sigma": 2.2279685899504025
    },
    "google/gemini-2.5-pro-exp-03-25": {
      "mu": 31.98775277899643,
      "sigma": 6.141967639520334
    },
    "claude-3-7-sonnet-20250219": {
      "mu": 18.853034768066273,
      "sigma": 2.859607409456482
    },
    "openrouter/quasar-alpha": {
      "mu": 26.440824868315833,
      "sigma": 1.0201269718982633
    },
    "qwen/qwq-32b": {
      "mu": 21.9360341871073,
      "sigma": 2.62016998567853
    },
    "meta-llama/llama-4-maverick": {
      "mu": 18.385634382324994,
      "sigma": 1.091707125326027
    }
  },
  "processed_timestamps": [
    "20250406-123206",
    "20250406-124516",
    "20250406-124527",
    "20250406-125025",
    "20250406-125130",
    "20250406-130922",
    "20250406-130955",
    "20250406-131014",
    "20250406-131019",
    "20250406-132812",
    "20250406-132937",
    "20250406-133000",
    "20250406-133218",
    "20250406-133302",
    "20250406-133322",
    "20250406-133408",
    "20250406-133423",
    "20250406-133441",
    "20250406-133501",
    "20250406-133509",
    "20250406-133517",
    "20250406-133524",
    "20250406-134550",
    "20250406-134608",
    "20250406-134748",
    "20250406-134811",
    "20250406-134828",
    "20250406-134850",
    "20250406-134912",
    "20250406-134928",
    "20250406-134947",
    "20250406-134953",
    "20250406-135003",
    "20250406-135015",
    "20250406-143639",
    "20250406-143717",
    "20250406-143732",
    "20250406-143810",
    "20250406-143815",
    "20250406-144001",
    "20250406-144050",
    "20250406-144058",
    "20250406-144126",
    "20250406-144140",
    "20250406-150434",
    "20250406-150444",
    "20250406-150501",
    "20250406-150531",
    "20250406-150551",
    "20250406-150624",
    "20250406-150701",
    "20250406-150715",
    "20250406-150726",
    "20250406-150804",
    "20250406-150828",
    "20250406-150858",
    "20250406-150918",
    "20250406-150943",
    "20250406-151013",
    "20250406-151023",
    "20250406-151044",
    "20250406-151053",
    "20250406-151104",
    "20250406-151136",
    "20250406-151212",
    "20250406-151227",
    "20250406-151254",
    "20250406-151308",
    "20250406-151340",
    "20250406-151410",
    "20250406-151421",
    "20250406-151444",
    "20250406-151507",
    "20250406-151525",
    "20250406-151533",
    "20250406-151614",
    "20250406-151630",
    "20250406-151637",
    "20250406-151644",
    "20250406-151705",
    "20250406-151718",
    "20250406-151738",
    "20250406-151812",
    "20250406-151840",
    "20250406-151906",
    "20250406-151923",
    "20250406-151938",
    "20250406-152001",
    "20250406-152017",
    "20250406-152033",
    "20250406-152052",
    "20250406-152059",
    "20250406-152118",
    "20250406-152125",
    "20250406-152156",
    "20250406-152217",
    "20250406-152253",
    "20250406-152307",
    "20250406-152324",
    "20250406-152355",
    "20250406-152416",
    "20250406-152436",
    "20250406-152459",
    "20250406-152529",
    "20250406-152544",
    "20250406-152621",
    "20250406-152642",
    "20250406-152719",
    "20250406-152733",
    "20250406-152756",
    "20250406-152807",
    "20250406-152835",
    "20250406-152844",
    "20250406-152902",
    "20250406-152918",
    "20250406-152936",
    "20250406-152954",
    "20250406-153000",
    "20250406-153017",
    "20250406-153037",
    "20250406-153056",
    "20250406-153114",
    "20250406-153124",
    "20250406-153131",
    "20250406-153140",
    "20250406-153208",
    "20250406-153235",
    "20250406-153253",
    "20250406-153315",
    "20250406-153333",
    "20250406-153350",
    "20250406-153415",
    "20250406-153445",
    "20250406-153450",
    "20250406-153512",
    "20250406-153531",
    "20250406-153548",
    "20250406-153606",
    "20250406-153624",
    "20250406-153645",
    "20250406-153707",
    "20250406-153721",
    "20250406-153744",
    "20250406-153804"
  ]
}