{
  "model_ratings": {
    "deepseek/deepseek-chat-v3-0324:free": {
      "mu": 27.461121122464533,
      "sigma": 3.183311689912224
    },
    "google/gemini-2.5-pro-exp-03-25:free": {
      "mu": 23.98887858600145,
      "sigma": 2.7001176911611497
    },
    "meta-llama/llama-4-maverick:free": {
      "mu": 21.23602595610676,
      "sigma": 2.2237142203750233
    },
    "mistralai/mistral-small-3.1-24b-instruct:free": {
      "mu": 22.06449552642846,
      "sigma": 4.630404427412669
    },
    "google/gemma-3-27b-it:free": {
      "mu": 25.936363234365217,
      "sigma": 3.0153481012017385
    },
    "meta-llama/llama-4-scout:free": {
      "mu": 21.223556252419993,
      "sigma": 2.4962330003582274
    },
    "deepseek/deepseek-r1:free": {
      "mu": 25.838929439075685,
      "sigma": 5.19058483375596
    }
  },
  "processed_timestamps": [
    "20250406-111629",
    "20250406-112352",
    "20250406-112755",
    "20250406-113600",
    "20250406-113952",
    "20250406-120918",
    "20250406-121931",
    "20250406-123105",
    "20250406-123206",
    "20250406-124516",
    "20250406-124527",
    "20250406-125025",
    "20250406-125130"
  ]
}