{
  "model_ratings": {
    "deepseek/deepseek-chat-v3-0324:free": {
      "mu": 33.81864451561579,
      "sigma": 4.81954871627286
    },
    "google/gemini-2.5-pro-exp-03-25:free": {
      "mu": 23.065628223856677,
      "sigma": 2.9072682110449
    },
    "meta-llama/llama-4-maverick:free": {
      "mu": 21.558734427313528,
      "sigma": 2.6344273408644607
    },
    "mistralai/mistral-small-3.1-24b-instruct:free": {
      "mu": 22.566013911435018,
      "sigma": 4.836058462895985
    },
    "google/gemma-3-27b-it:free": {
      "mu": 21.668524991733626,
      "sigma": 4.7676578245931065
    },
    "meta-llama/llama-4-scout:free": {
      "mu": 21.67333812002121,
      "sigma": 3.1554699479409707
    }
  },
  "processed_timestamps": [
    "20250406-111629",
    "20250406-112352",
    "20250406-112755",
    "20250406-113600",
    "20250406-113952",
    "20250406-120918"
  ]
}