{
  "model_ratings": {
    "deepseek/deepseek-chat-v3-0324": {
      "mu": 25.391104241101445,
      "sigma": 1.6611950792393033
    },
    "mistralai/mistral-small-3.1-24b-instruct": {
      "mu": 21.333946164162885,
      "sigma": 1.6199900115605412
    },
    "google/gemma-3-27b-it": {
      "mu": 22.253094186322347,
      "sigma": 1.399714510221694
    },
    "deepseek/deepseek-r1": {
      "mu": 27.083891718728104,
      "sigma": 2.9724720487254253
    },
    "meta-llama/llama-4-scout": {
      "mu": 19.63436331249547,
      "sigma": 0.9857295919689454
    },
    "google/gemini-2.5-pro-preview-03-25": {
      "mu": 23.092046256804306,
      "sigma": 1.7740117109420084
    },
    "claude-3-7-sonnet-20250219": {
      "mu": 22.213199789682406,
      "sigma": 1.7299278897174788
    },
    "openrouter/quasar-alpha": {
      "mu": 27.17854540456545,
      "sigma": 0.902396986888855
    },
    "qwen/qwq-32b": {
      "mu": 22.620719691305894,
      "sigma": 1.5977068442679372
    },
    "meta-llama/llama-4-maverick": {
      "mu": 19.980194855775736,
      "sigma": 0.8920062402613281
    },
    "claude-3-5-sonnet-20241022": {
      "mu": 25.65544735566778,
      "sigma": 1.7185969140055037
    },
    "gpt-4o-2024-11-20": {
      "mu": 25.42684455566603,
      "sigma": 1.4581751054641292
    },
    "meta-llama/llama-3.1-8b-instruct": {
      "mu": 17.015722271268007,
      "sigma": 1.0438375030377502
    },
    "google/gemini-2.0-flash-001": {
      "mu": 21.566256782300933,
      "sigma": 1.1077353534974888
    },
    "Naive 50/50": {
      "mu": 19.406475357476612,
      "sigma": 0.8780519214558615
    }
  },
  "processed_timestamps": [
    "20250406-123206",
    "20250406-124516",
    "20250406-124527",
    "20250406-125025",
    "20250406-125130",
    "20250406-130922",
    "20250406-130955",
    "20250406-131014",
    "20250406-131019",
    "20250406-132812",
    "20250406-132937",
    "20250406-133000",
    "20250406-133218",
    "20250406-133302",
    "20250406-133322",
    "20250406-133408",
    "20250406-133423",
    "20250406-133441",
    "20250406-133501",
    "20250406-133509",
    "20250406-133517",
    "20250406-133524",
    "20250406-134550",
    "20250406-134608",
    "20250406-134748",
    "20250406-134811",
    "20250406-134828",
    "20250406-134850",
    "20250406-134912",
    "20250406-134928",
    "20250406-134947",
    "20250406-134953",
    "20250406-135003",
    "20250406-135015",
    "20250406-143639",
    "20250406-143717",
    "20250406-143732",
    "20250406-143810",
    "20250406-143815",
    "20250406-144001",
    "20250406-144050",
    "20250406-144058",
    "20250406-144126",
    "20250406-144140",
    "20250406-150434",
    "20250406-150444",
    "20250406-150501",
    "20250406-150531",
    "20250406-150551",
    "20250406-150624",
    "20250406-150701",
    "20250406-150715",
    "20250406-150726",
    "20250406-150804",
    "20250406-150828",
    "20250406-150858",
    "20250406-150918",
    "20250406-150943",
    "20250406-151013",
    "20250406-151023",
    "20250406-151044",
    "20250406-151053",
    "20250406-151104",
    "20250406-151136",
    "20250406-151212",
    "20250406-151227",
    "20250406-151254",
    "20250406-151308",
    "20250406-151340",
    "20250406-151410",
    "20250406-151421",
    "20250406-151444",
    "20250406-151507",
    "20250406-151525",
    "20250406-151533",
    "20250406-151614",
    "20250406-151630",
    "20250406-151637",
    "20250406-151644",
    "20250406-151705",
    "20250406-151718",
    "20250406-151738",
    "20250406-151812",
    "20250406-151840",
    "20250406-151906",
    "20250406-151923",
    "20250406-151938",
    "20250406-152001",
    "20250406-152017",
    "20250406-152033",
    "20250406-152052",
    "20250406-152059",
    "20250406-152118",
    "20250406-152125",
    "20250406-152156",
    "20250406-152217",
    "20250406-152253",
    "20250406-152307",
    "20250406-152324",
    "20250406-152355",
    "20250406-152416",
    "20250406-152436",
    "20250406-152459",
    "20250406-152529",
    "20250406-152544",
    "20250406-152621",
    "20250406-152642",
    "20250406-152719",
    "20250406-152733",
    "20250406-152756",
    "20250406-152807",
    "20250406-152835",
    "20250406-152844",
    "20250406-152902",
    "20250406-152918",
    "20250406-152936",
    "20250406-152954",
    "20250406-153000",
    "20250406-153017",
    "20250406-153037",
    "20250406-153056",
    "20250406-153114",
    "20250406-153124",
    "20250406-153131",
    "20250406-153140",
    "20250406-153208",
    "20250406-153235",
    "20250406-153253",
    "20250406-153315",
    "20250406-153333",
    "20250406-153350",
    "20250406-153415",
    "20250406-153445",
    "20250406-153450",
    "20250406-153512",
    "20250406-153531",
    "20250406-153548",
    "20250406-153606",
    "20250406-153624",
    "20250406-153645",
    "20250406-153707",
    "20250406-153721",
    "20250406-153744",
    "20250406-153804",
    "20250406-154306",
    "20250406-154320",
    "20250406-154330",
    "20250406-154339",
    "20250406-154359",
    "20250406-154417",
    "20250406-154428",
    "20250406-154440",
    "20250406-154454",
    "20250406-154500",
    "20250406-154633",
    "20250406-154641",
    "20250406-154648",
    "20250406-154659",
    "20250406-154703",
    "20250406-154710",
    "20250406-154714",
    "20250406-154724",
    "20250406-154731",
    "20250406-154736",
    "20250406-154833",
    "20250406-154847",
    "20250406-154858",
    "20250406-154915",
    "20250406-154947",
    "20250406-155003",
    "20250406-155030",
    "20250406-155053",
    "20250406-155133",
    "20250406-155203",
    "20250406-155227",
    "20250406-155238",
    "20250406-155252",
    "20250406-155306",
    "20250406-155329",
    "20250406-155402",
    "20250406-155425",
    "20250406-155447",
    "20250406-155509",
    "20250406-155530",
    "20250406-155657",
    "20250406-155726",
    "20250406-155751",
    "20250406-155806",
    "20250406-155838",
    "20250406-155901",
    "20250406-155919",
    "20250406-155932",
    "20250406-155951",
    "20250406-155959",
    "20250406-160200",
    "20250406-160246",
    "20250406-160306",
    "20250406-160330",
    "20250406-160434",
    "20250406-160521",
    "20250406-160602",
    "20250406-160621",
    "20250406-160649",
    "20250406-160715",
    "20250406-160758",
    "20250406-160822",
    "20250406-160903",
    "20250406-160954",
    "20250406-161016",
    "20250406-161031",
    "20250406-161046",
    "20250406-161159",
    "20250406-161231",
    "20250406-161315",
    "20250406-161432",
    "20250406-161453",
    "20250406-161509",
    "20250406-161523",
    "20250406-161540",
    "20250406-161559",
    "20250406-161605",
    "20250406-161619",
    "20250406-161622",
    "20250406-161658",
    "20250406-161659",
    "20250406-161718",
    "20250406-161724",
    "20250406-161804",
    "20250406-161902",
    "20250406-162000",
    "20250406-162117",
    "20250406-162147",
    "20250406-162152",
    "20250406-162237",
    "20250406-162326",
    "20250406-162346",
    "20250406-162402",
    "20250406-162424",
    "20250406-162439",
    "20250406-162524",
    "20250406-162527",
    "20250406-162548",
    "20250406-162555",
    "20250406-162609",
    "20250406-162628",
    "20250406-162638",
    "20250406-162708",
    "20250406-162709",
    "20250406-162750",
    "20250406-162815",
    "20250406-162837",
    "20250406-162848",
    "20250406-162851",
    "20250406-162858",
    "20250406-162914",
    "20250406-162915",
    "20250406-162921",
    "20250406-162926",
    "20250406-162937",
    "20250406-162941",
    "20250406-162945",
    "20250406-162950",
    "20250406-162952",
    "20250406-163005",
    "20250406-163010",
    "20250406-163028",
    "20250406-163048",
    "20250406-163052",
    "20250406-163102",
    "20250406-163107",
    "20250406-163111",
    "20250406-163115",
    "20250406-163125",
    "20250406-163332",
    "20250406-163342",
